Workbook

Sheet เริ่มต้น
A1: เข็มทิศอาชีพ · RIASEC Thailand
A2: เวิร์กบุ๊กสำหรับ Google Sheets + Glide: รับคำตอบนักเรียน คำนวณผล และสรุปภาพรวมของห้อง
A4: 1. อัปโหลดไฟล์นี้เข้า Google Drive | B4: เลือก New > File upload แล้วเปิดด้วย Google Sheets เพื่อใช้เป็นฐานข้อมูลออนไลน์
A5: 2. สร้างแอปใน Glide | B5: เลือกฐานข้อมูล Google Sheets นี้ แล้วใช้ตาราง “คำตอบนักเรียน” เป็นตารางหลัก
A6: 3. สร้างแบบฟอร์ม | B6: รับข้อมูลชื่อ ห้อง เลขที่ และ Q01–Q36 (กำหนดค่า 1 = ใช่/สนใจ, 0 = ไม่ใช่)
A7: 4. ตั้งค่าให้ผู้เรียนส่งคำตอบ | B7: ให้ Glide เพิ่มหนึ่งแถวใน “คำตอบนักเรียน”; คอลัมน์คะแนนและ Holland Code จะคำนวณอัตโนมัติ
A8: 5. ทำ QR Code | B8: คัดลอก Public app link จาก Glide แล้วสร้าง QR ใน Glide หรือเครื่องมือ QR ที่โรงเรียนใช้อยู่
A9: ความเป็นส่วนตัว | B9: แนะนำเปิดเฉพาะผู้มีลิงก์/อีเมลโรงเรียน และเก็บข้อมูลเท่าที่จำเป็นตามนโยบายโรงเรียน

Sheet คำตอบนักเรียน
A1: คำตอบนักเรียน
A2: Glide ต้องเพิ่มข้อมูล 1 แถวต่อผู้เรียน: Q01–Q36 ใช้ 1 เมื่อ ใช่/สนใจ และ 0 เมื่อ ไม่ใช่
A4: รหัสรายการ | B4: วันเวลา | C4: ชื่อ-นามสกุล | D4: ชื่อเล่น | E4: ห้อง | F4: เลขที่ | G4: ยินยอมให้ใช้ข้อมูล | H4: Q01 | I4: Q02 | J4: Q03 | K4: Q04 | L4: Q05 | M4: Q06 | N4: Q07 | O4: Q08 | P4: Q09 | Q4: Q10 | R4: Q11 | S4: Q12 | T4: Q13 | U4: Q14 | V4: Q15 | W4: Q16 | X4: Q17 | Y4: Q18 | Z4: Q19 | AA4: Q20 | AB4: Q21 | AC4: Q22 | AD4: Q23 | AE4: Q24 | AF4: Q25 | AG4: Q26 | AH4: Q27 | AI4: Q28 | AJ4: Q29 | AK4: Q30 | AL4: Q31 | AM4: Q32 | AN4: Q33 | AO4: Q34 | AP4: Q35 | AQ4: Q36 | AR4: R | AS4: I | AT4: A | AU4: S | AV4: E | AW4: C | AX4: Holland Code | AY4: บุคลิกภาพเด่น
A5: EXAMPLE-001 | B5: 46223.083 | C5: ตัวอย่าง นักเรียน | D5: น้องตัวอย่าง | E5: ม.5/1 | F5: 1 | G5: ยินยอม | H5: 1 | I5: 1 | J5: 1 | K5: 1 | L5: 1 | M5: 1 | N5: 1 | O5: 1 | P5: 1 | Q5: 1 | R5: 1 | S5: 1 | T5: 1 | U5: 1 | V5: 1 | W5: 1 | X5: 1 | Y5: 1 | Z5: 0 | AA5: 1 | AB5: 1 | AC5: 1 | AD5: 0 | AE5: 1 | AF5: 1 | AG5: 1 | AH5: 1 | AI5: 1 | AJ5: 1 | AK5: 1 | AL5: 1 | AM5: 0 | AN5: 1 | AO5: 1 | AP5: 1 | AQ5: 1 | AR5: =SUM(H5,N5,T5,Z5,AF5,AL5) -> 5 | AS5: =SUM(I5,O5,U5,AA5,AG5,AM5) -> 5 | AT5: =SUM(J5,P5,V5,AB5,AH5,AN5) -> 6 | AU5: =SUM(K5,Q5,W5,AC5,AI5,AO5) -> 6 | AV5: =SUM(L5,R5,X5,AD5,AJ5,AP5) -> 5 | AW5: =SUM(M5,S5,Y5,AE5,AK5,AQ5) -> 6 | AX5: =_xludf.CONCAT(IF(AR5>=LARGE(AR5:AW5,3),"R",""),IF(AS5>=LARGE(AR5:AW5,3),"I",""),IF(AT5>=LARGE(AR5:AW5,3),"A",""),IF(AU5>=LARGE(AR5:AW5,3),"S",""),IF(AV5>=LARGE(AR5:AW5,3),"E",""),IF(AW5>=LARGE(AR5:AW5,3),"C","")) -> #NAME? | AY5: =IF(AR5=MAX(AR5:AW5),"นักปฏิบัติ",IF(AS5=MAX(AR5:AW5),"นักคิดวิเคราะห์",IF(AT5=MAX(AR5:AW5),"นักสร้างสรรค์",IF(AU5=MAX(AR5:AW5),"ผู้เข้าใจผู้คน",IF(AV5=MAX(AR5:AW5),"ผู้นำการเปลี่ยนแปลง","ผู้จัดระบบ"))))) -> นักสร้างสรรค์
AR6: =IF(C6="","",SUM(H6,N6,T6,Z6,AF6,AL6)) | AS6: =IF(C6="","",SUM(I6,O6,U6,AA6,AG6,AM6)) | AT6: =IF(C6="","",SUM(J6,P6,V6,AB6,AH6,AN6)) | AU6: =IF(C6="","",SUM(K6,Q6,W6,AC6,AI6,AO6)) | AV6: =IF(C6="","",SUM(L6,R6,X6,AD6,AJ6,AP6)) | AW6: =IF(C6="","",SUM(M6,S6,Y6,AE6,AK6,AQ6)) | AX6: =IF(C6="","",_xludf.CONCAT(IF(AR6>=LARGE(AR6:AW6,3),"R",""),IF(AS6>=LARGE(AR6:AW6,3),"I",""),IF(AT6>=LARGE(AR6:AW6,3),"A",""),IF(AU6>=LARGE(AR6:AW6,3),"S",""),IF(AV6>=LARGE(AR6:AW6,3),"E",""),IF(AW6>=LARGE(AR6:AW6,3),"C",""))) | AY6: =IF(C6="","",IF(AR6=MAX(AR6:AW6),"นักปฏิบัติ",IF(AS6=MAX(AR6:AW6),"นักคิดวิเคราะห์",IF(AT6=MAX(AR6:AW6),"นักสร้างสรรค์",IF(AU6=MAX(AR6:AW6),"ผู้เข้าใจผู้คน",IF(AV6=MAX(AR6:AW6),"ผู้นำการเปลี่ยนแปลง","ผู้จัดระบบ"))))))
AR7: =IF(C7="","",SUM(H7,N7,T7,Z7,AF7,AL7)) | AS7: =IF(C7="","",SUM(I7,O7,U7,AA7,AG7,AM7)) | AT7: =IF(C7="","",SUM(J7,P7,V7,AB7,AH7,AN7)) | AU7: =IF(C7="","",SUM(K7,Q7,W7,AC7,AI7,AO7)) | AV7: =IF(C7="","",SUM(L7,R7,X7,AD7,AJ7,AP7)) | AW7: =IF(C7="","",SUM(M7,S7,Y7,AE7,AK7,AQ7)) | AX7: =IF(C7="","",_xludf.CONCAT(IF(AR7>=LARGE(AR7:AW7,3),"R",""),IF(AS7>=LARGE(AR7:AW7,3),"I",""),IF(AT7>=LARGE(AR7:AW7,3),"A",""),IF(AU7>=LARGE(AR7:AW7,3),"S",""),IF(AV7>=LARGE(AR7:AW7,3),"E",""),IF(AW7>=LARGE(AR7:AW7,3),"C",""))) | AY7: =IF(C7="","",IF(AR7=MAX(AR7:AW7),"นักปฏิบัติ",IF(AS7=MAX(AR7:AW7),"นักคิดวิเคราะห์",IF(AT7=MAX(AR7:AW7),"นักสร้างสรรค์",IF(AU7=MAX(AR7:AW7),"ผู้เข้าใจผู้คน",IF(AV7=MAX(AR7:AW7),"ผู้นำการเปลี่ยนแปลง","ผู้จัดระบบ"))))))
AR8: =IF(C8="","",SUM(H8,N8,T8,Z8,AF8,AL8)) | AS8: =IF(C8="","",SUM(I8,O8,U8,AA8,AG8,AM8)) | AT8: =IF(C8="","",SUM(J8,P8,V8,AB8,AH8,AN8)) | AU8: =IF(C8="","",SUM(K8,Q8,W8,AC8,AI8,AO8)) | AV8: =IF(C8="","",SUM(L8,R8,X8,AD8,AJ8,AP8)) | AW8: =IF(C8="","",SUM(M8,S8,Y8,AE8,AK8,AQ8)) | AX8: =IF(C8="","",_xludf.CONCAT(IF(AR8>=LARGE(AR8:AW8,3),"R",""),IF(AS8>=LARGE(AR8:AW8,3),"I",""),IF(AT8>=LARGE(AR8:AW8,3),"A",""),IF(AU8>=LARGE(AR8:AW8,3),"S",""),IF(AV8>=LARGE(AR8:AW8,3),"E",""),IF(AW8>=LARGE(AR8:AW8,3),"C",""))) | AY8: =IF(C8="","",IF(AR8=MAX(AR8:AW8),"นักปฏิบัติ",IF(AS8=MAX(AR8:AW8),"นักคิดวิเคราะห์",IF(AT8=MAX(AR8:AW8),"นักสร้างสรรค์",IF(AU8=MAX(AR8:AW8),"ผู้เข้าใจผู้คน",IF(AV8=MAX(AR8:AW8),"ผู้นำการเปลี่ยนแปลง","ผู้จัดระบบ"))))))
AR9: =IF(C9="","",SUM(H9,N9,T9,Z9,AF9,AL9)) | AS9: =IF(C9="","",SUM(I9,O9,U9,AA9,AG9,AM9)) | AT9: =IF(C9="","",SUM(J9,P9,V9,AB9,AH9,AN9)) | AU9: =IF(C9="","",SUM(K9,Q9,W9,AC9,AI9,AO9)) | AV9: =IF(C9="","",SUM(L9,R9,X9,AD9,AJ9,AP9)) | AW9: =IF(C9="","",SUM(M9,S9,Y9,AE9,AK9,AQ9)) | AX9: =IF(C9="","",_xludf.CONCAT(IF(AR9>=LARGE(AR9:AW9,3),"R",""),IF(AS9>=LARGE(AR9:AW9,3),"I",""),IF(AT9>=LARGE(AR9:AW9,3),"A",""),IF(AU9>=LARGE(AR9:AW9,3),"S",""),IF(AV9>=LARGE(AR9:AW9,3),"E",""),IF(AW9>=LARGE(AR9:AW9,3),"C",""))) | AY9: =IF(C9="","",IF(AR9=MAX(AR9:AW9),"นักปฏิบัติ",IF(AS9=MAX(AR9:AW9),"นักคิดวิเคราะห์",IF(AT9=MAX(AR9:AW9),"นักสร้างสรรค์",IF(AU9=MAX(AR9:AW9),"ผู้เข้าใจผู้คน",IF(AV9=MAX(AR9:AW9),"ผู้นำการเปลี่ยนแปลง","ผู้จัดระบบ"))))))
AR10: =IF(C10="","",SUM(H10,N10,T10,Z10,AF10,AL10)) | AS10: =IF(C10="","",SUM(I10,O10,U10,AA10,AG10,AM10)) | AT10: =IF(C10="","",SUM(J10,P10,V10,AB10,AH10,AN10)) | AU10: =IF(C10="","",SUM(K10,Q10,W10,AC10,AI10,AO10)) | AV10: =IF(C10="","",SUM(L10,R10,X10,AD10,AJ10,AP10)) | AW10: =IF(C10="","",SUM(M10,S10,Y10,AE10,AK10,AQ10)) | AX10: =IF(C10="","",_xludf.CONCAT(IF(AR10>=LARGE(AR10:AW10,3),"R",""),IF(AS10>=LARGE(AR10:AW10,3),"I",""),IF(AT10>=LARGE(AR10:AW10,3),"A",""),IF(AU10>=LARGE(AR10:AW10,3),"S",""),IF(AV10>=LARGE(AR10:AW10,3),"E",""),IF(AW10>=LARGE(AR10:AW10,3),"C",""))) | AY10: =IF(C10="","",IF(AR10=MAX(AR10:AW10),"นักปฏิบัติ",IF(AS10=MAX(AR10:AW10),"นักคิดวิเคราะห์",IF(AT10=MAX(AR10:AW10),"นักสร้างสรรค์",IF(AU10=MAX(AR10:AW10),"ผู้เข้าใจผู้คน",IF(AV10=MAX(AR10:AW10),"ผู้นำการเปลี่ยนแปลง","ผู้จัดระบบ"))))))
AR11: =IF(C11="","",SUM(H11,N11,T11,Z11,AF11,AL11)) | AS11: =IF(C11="","",SUM(I11,O11,U11,AA11,AG11,AM11)) | AT11: =IF(C11="","",SUM(J11,P11,V11,AB11,AH11,AN11)) | AU11: =IF(C11="","",SUM(K11,Q11,W11,AC11,AI11,AO11)) | AV11: =IF(C11="","",SUM(L11,R11,X11,AD11,AJ11,AP11)) | AW11: =IF(C11="","",SUM(M11,S11,Y11,AE11,AK11,AQ11)) | AX11: =IF(C11="","",_xludf.CONCAT(IF(AR11>=LARGE(AR11:AW11,3),"R",""),IF(AS11>=LARGE(AR11:AW11,3),"I",""),IF(AT11>=LARGE(AR11:AW11,3),"A",""),IF(AU11>=LARGE(AR11:AW11,3),"S",""),IF(AV11>=LARGE(AR11:AW11,3),"E",""),IF(AW11>=LARGE(AR11:AW11,3),"C",""))) | AY11: =IF(C11="","",IF(AR11=MAX(AR11:AW11),"นักปฏิบัติ",IF(AS11=MAX(AR11:AW11),"นักคิดวิเคราะห์",IF(AT11=MAX(AR11:AW11),"นักสร้างสรรค์",IF(AU11=MAX(AR11:AW11),"ผู้เข้าใจผู้คน",IF(AV11=MAX(AR11:AW11),"ผู้นำการเปลี่ยนแปลง","ผู้จัดระบบ"))))))
AR12: =IF(C12="","",SUM(H12,N12,T12,Z12,AF12,AL12)) | AS12: =IF(C12="","",SUM(I12,O12,U12,AA12,AG12,AM12)) | AT12: =IF(C12="","",SUM(J12,P12,V12,AB12,AH12,AN12)) | AU12: =IF(C12="","",SUM(K12,Q12,W12,AC12,AI12,AO12)) | AV12: =IF(C12="","",SUM(L12,R12,X12,AD12,AJ12,AP12)) | AW12: =IF(C12="","",SUM(M12,S12,Y12,AE12,AK12,AQ12)) | AX12: =IF(C12="","",_xludf.CONCAT(IF(AR12>=LARGE(AR12:AW12,3),"R",""),IF(AS12>=LARGE(AR12:AW12,3),"I",""),IF(AT12>=LARGE(AR12:AW12,3),"A",""),IF(AU12>=LARGE(AR12:AW12,3),"S",""),IF(AV12>=LARGE(AR12:AW12,3),"E",""),IF(AW12>=LARGE(AR12:AW12,3),"C",""))) | AY12: =IF(C12="","",IF(AR12=MAX(AR12:AW12),"นักปฏิบัติ",IF(AS12=MAX(AR12:AW12),"นักคิดวิเคราะห์",IF(AT12=MAX(AR12:AW12),"นักสร้างสรรค์",IF(AU12=MAX(AR12:AW12),"ผู้เข้าใจผู้คน",IF(AV12=MAX(AR12:AW12),"ผู้นำการเปลี่ยนแปลง","ผู้จัดระบบ"))))))
AR13: =IF(C13="","",SUM(H13,N13,T13,Z13,AF13,AL13)) | AS13: =IF(C13="","",SUM(I13,O13,U13,AA13,AG13,AM13)) | AT13: =IF(C13="","",SUM(J13,P13,V13,AB13,AH13,AN13)) | AU13: =IF(C13="","",SUM(K13,Q13,W13,AC13,AI13,AO13)) | AV13: =IF(C13="","",SUM(L13,R13,X13,AD13,AJ13,AP13)) | AW13: =IF(C13="","",SUM(M13,S13,Y13,AE13,AK13,AQ13)) | AX13: =IF(C13="","",_xludf.CONCAT(IF(AR13>=LARGE(AR13:AW13,3),"R",""),IF(AS13>=LARGE(AR13:AW13,3),"I",""),IF(AT13>=LARGE(AR13:AW13,3),"A",""),IF(AU13>=LARGE(AR13:AW13,3),"S",""),IF(AV13>=LARGE(AR13:AW13,3),"E",""),IF(AW13>=LARGE(AR13:AW13,3),"C",""))) | AY13: =IF(C13="","",IF(AR13=MAX(AR13:AW13),"นักปฏิบัติ",IF(AS13=MAX(AR13:AW13),"นักคิดวิเคราะห์",IF(AT13=MAX(AR13:AW13),"นักสร้างสรรค์",IF(AU13=MAX(AR13:AW13),"ผู้เข้าใจผู้คน",IF(AV13=MAX(AR13:AW13),"ผู้นำการเปลี่ยนแปลง","ผู้จัดระบบ"))))))
AR14: =IF(C14="","",SUM(H14,N14,T14,Z14,AF14,AL14)) | AS14: =IF(C14="","",SUM(I14,O14,U14,AA14,AG14,AM14)) | AT14: =IF(C14="","",SUM(J14,P14,V14,AB14,AH14,AN14)) | AU14: =IF(C14="","",SUM(K14,Q14,W14,AC14,AI14,AO14)) | AV14: =IF(C14="","",SUM(L14,R14,X14,AD14,AJ14,AP14)) | AW14: =IF(C14="","",SUM(M14,S14,Y14,AE14,AK14,AQ14)) | AX14: =IF(C14="","",_xludf.CONCAT(IF(AR14>=LARGE(AR14:AW14,3),"R",""),IF(AS14>=LARGE(AR14:AW14,3),"I",""),IF(AT14>=LARGE(AR14:AW14,3),"A",""),IF(AU14>=LARGE(AR14:AW14,3),"S",""),IF(AV14>=LARGE(AR14:AW14,3),"E",""),IF(AW14>=LARGE(AR14:AW14,3),"C",""))) | AY14: =IF(C14="","",IF(AR14=MAX(AR14:AW14),"นักปฏิบัติ",IF(AS14=MAX(AR14:AW14),"นักคิดวิเคราะห์",IF(AT14=MAX(AR14:AW14),"นักสร้างสรรค์",IF(AU14=MAX(AR14:AW14),"ผู้เข้าใจผู้คน",IF(AV14=MAX(AR14:AW14),"ผู้นำการเปลี่ยนแปลง","ผู้จัดระบบ"))))))
AR15: =IF(C15="","",SUM(H15,N15,T15,Z15,AF15,AL15)) | AS15: =IF(C15="","",SUM(I15,O15,U15,AA15,AG15,AM15)) | AT15: =IF(C15="","",SUM(J15,P15,V15,AB15,AH15,AN15)) | AU15: =IF(C15="","",SUM(K15,Q15,W15,AC15,AI15,AO15)) | AV15: =IF(C15="","",SUM(L15,R15,X15,AD15,AJ15,AP15)) | AW15: =IF(C15="","",SUM(M15,S15,Y15,AE15,AK15,AQ15)) | AX15: =IF(C15="","",_xludf.CONCAT(IF(AR15>=LARGE(AR15:AW15,3),"R",""),IF(AS15>=LARGE(AR15:AW15,3),"I",""),IF(AT15>=LARGE(AR15:AW15,3),"A",""),IF(AU15>=LARGE(AR15:AW15,3),"S",""),IF(AV15>=LARGE(AR15:AW15,3),"E",""),IF(AW15>=LARGE(AR15:AW15,3),"C",""))) | AY15: =IF(C15="","",IF(AR15=MAX(AR15:AW15),"นักปฏิบัติ",IF(AS15=MAX(AR15:AW15),"นักคิดวิเคราะห์",IF(AT15=MAX(AR15:AW15),"นักสร้างสรรค์",IF(AU15=MAX(AR15:AW15),"ผู้เข้าใจผู้คน",IF(AV15=MAX(AR15:AW15),"ผู้นำการเปลี่ยนแปลง","ผู้จัดระบบ"))))))
AR16: =IF(C16="","",SUM(H16,N16,T16,Z16,AF16,AL16)) | AS16: =IF(C16="","",SUM(I16,O16,U16,AA16,AG16,AM16)) | AT16: =IF(C16="","",SUM(J16,P16,V16,AB16,AH16,AN16)) | AU16: =IF(C16="","",SUM(K16,Q16,W16,AC16,AI16,AO16)) | AV16: =IF(C16="","",SUM(L16,R16,X16,AD16,AJ16,AP16)) | AW16: =IF(C16="","",SUM(M16,S16,Y16,AE16,AK16,AQ16)) | AX16: =IF(C16="","",_xludf.CONCAT(IF(AR16>=LARGE(AR16:AW16,3),"R",""),IF(AS16>=LARGE(AR16:AW16,3),"I",""),IF(AT16>=LARGE(AR16:AW16,3),"A",""),IF(AU16>=LARGE(AR16:AW16,3),"S",""),IF(AV16>=LARGE(AR16:AW16,3),"E",""),IF(AW16>=LARGE(AR16:AW16,3),"C",""))) | AY16: =IF(C16="","",IF(AR16=MAX(AR16:AW16),"นักปฏิบัติ",IF(AS16=MAX(AR16:AW16),"นักคิดวิเคราะห์",IF(AT16=MAX(AR16:AW16),"นักสร้างสรรค์",IF(AU16=MAX(AR16:AW16),"ผู้เข้าใจผู้คน",IF(AV16=MAX(AR16:AW16),"ผู้นำการเปลี่ยนแปลง","ผู้จัดระบบ"))))))
AR17: =IF(C17="","",SUM(H17,N17,T17,Z17,AF17,AL17)) | AS17: =IF(C17="","",SUM(I17,O17,U17,AA17,AG17,AM17)) | AT17: =IF(C17="","",SUM(J17,P17,V17,AB17,AH17,AN17)) | AU17: =IF(C17="","",SUM(K17,Q17,W17,AC17,AI17,AO17)) | AV17: =IF(C17="","",SUM(L17,R17,X17,AD17,AJ17,AP17)) | AW17: =IF(C17="","",SUM(M17,S17,Y17,AE17,AK17,AQ17)) | AX17: =IF(C17="","",_xludf.CONCAT(IF(AR17>=LARGE(AR17:AW17,3),"R",""),IF(AS17>=LARGE(AR17:AW17,3),"I",""),IF(AT17>=LARGE(AR17:AW17,3),"A",""),IF(AU17>=LARGE(AR17:AW17,3),"S",""),IF(AV17>=LARGE(AR17:AW17,3),"E",""),IF(AW17>=LARGE(AR17:AW17,3),"C",""))) | AY17: =IF(C17="","",IF(AR17=MAX(AR17:AW17),"นักปฏิบัติ",IF(AS17=MAX(AR17:AW17),"นักคิดวิเคราะห์",IF(AT17=MAX(AR17:AW17),"นักสร้างสรรค์",IF(AU17=MAX(AR17:AW17),"ผู้เข้าใจผู้คน",IF(AV17=MAX(AR17:AW17),"ผู้นำการเปลี่ยนแปลง","ผู้จัดระบบ"))))))
... AR205: =IF(C205="","",SUM(H205,N205,T205,Z205,AF205,AL205)) | AS205: =IF(C205="","",SUM(I205,O205,U205,AA205,AG205,AM205)) | AT205: =IF(C205="","",SUM(J205,P205,V205,AB205,AH205,AN205)) | AU205: =IF(C205="","",SUM(K205,Q205,W205,AC205,AI205,AO205)) | AV205: =IF(C205="","",SUM(L205,R205,X205,AD205,AJ205,AP205)) | AW205: =IF(C205="","",SUM(M205,S205,Y205,AE205,AK205,AQ205)) | AX205: =IF(C205="","",_xludf.CONCAT(IF(AR205>=LARGE(AR205:AW205,3),"R",""),IF(AS205>=LARGE(AR205:AW205,3),"I",""),IF(AT205>=LARGE(AR205:AW205,3),"A",""),IF(AU205>=LARGE(AR205:AW205,3),"S",""),IF(AV205>=LARGE(AR205:AW205,3),"E",""),IF(AW205>=LARGE(AR205:AW205,3),"C",""))) | AY205: =IF(C205="","",IF(AR205=MAX(AR205:AW205),"นักปฏิบัติ",IF(AS205=MAX(AR205:AW205),"นักคิดวิเคราะห์",IF(AT205=MAX(AR205:AW205),"นักสร้างสรรค์",IF(AU205=MAX(AR205:AW205),"ผู้เข้าใจผู้คน",IF(AV205=MAX(AR205:AW205),"ผู้นำการเปลี่ยนแปลง","ผู้จัดระบบ"))))))

Sheet คำถาม RIASEC
A1: คำถาม RIASEC
A2: แก้ไขข้อความได้ตามบริบทโรงเรียน แต่คงรหัส R/I/A/S/E/C และค่าคำตอบไว้เพื่อสูตรคะแนน
A4: รหัสคำถาม | B4: มิติ S.D.S. | C4: รหัส RIASEC | D4: ข้อความคำถาม | E4: ใช่/สนใจ | F4: ไม่ใช่
A5: 01 | B5: กิจกรรม | C5: R | D5: ประกอบหรือซ่อมสิ่งของที่มีชิ้นส่วน | E5: 1 | F5: 0
A6: 02 | B6: กิจกรรม | C6: I | D6: ทดลอง ค้นคว้า หรือหาคำตอบจากข้อมูล | E6: 1 | F6: 0
A7: 03 | B7: กิจกรรม | C7: A | D7: วาดภาพ ออกแบบ หรือสร้างผลงาน | E7: 1 | F7: 0
A8: 04 | B8: กิจกรรม | C8: S | D8: สอน อธิบาย หรือช่วยคนแก้ปัญหา | E8: 1 | F8: 0
A9: 05 | B9: กิจกรรม | C9: E | D9: ชวนคนเห็นด้วยกับไอเดียของคุณ | E9: 1 | F9: 0
A10: 06 | B10: กิจกรรม | C10: C | D10: จัดแฟ้ม ข้อมูล หรือรายการให้เป็นระเบียบ | E10: 1 | F10: 0
A11: 07 | B11: ความสามารถ | C11: R | D11: ใช้เครื่องมือหรืออุปกรณ์ได้อย่างคล่องแคล่ว | E11: 1 | F11: 0
A12: 08 | B12: ความสามารถ | C12: I | D12: วิเคราะห์โจทย์ที่มีเหตุผลหลายขั้นตอน | E12: 1 | F12: 0
A13: 09 | B13: ความสามารถ | C13: A | D13: คิดไอเดียหรือวิธีนำเสนอแปลกใหม่ | E13: 1 | F13: 0
A14: 10 | B14: ความสามารถ | C14: S | D14: รับฟังความรู้สึกและสื่อสารกับคนอื่น | E14: 1 | F14: 0
A15: 11 | B15: ความสามารถ | C15: E | D15: วางเป้าหมายและพาคนอื่นทำงานให้สำเร็จ | E15: 1 | F15: 0
A16: 12 | B16: ความสามารถ | C16: C | D16: ตรวจรายละเอียด ตัวเลข หรือเอกสารได้รอบคอบ | E16: 1 | F16: 0
... A40: 36 | B40: อาชีพ | C40: C | D40: สนใจอาชีพบัญชี การเงิน ธุรการ หรือวางระบบข้อมูล | E40: 1 | F40: 0

Sheet อาชีพและคณะ
A1: อาชีพและคณะ
A2: ตารางอ้างอิงสำหรับหน้า Career Explorer ใน Glide
A4: อาชีพ | B4: รหัส RIASEC | C4: ภาพรวมงาน | D4: คณะ/สาขาในไทย | E4: ลิงก์ค้นหาหลักสูตร
A5: วิศวกรหุ่นยนต์ | B5: RI | C5: ออกแบบระบบอัตโนมัติ | D5: วิศวกรรมเมคคาทรอนิกส์ / หุ่นยนต์ | E5: https://course.mytcas.com/
A6: นักพัฒนาซอฟต์แวร์ | B6: IC | C6: สร้างระบบและแอป | D6: วิทยาการคอมพิวเตอร์ / IT | E6: https://course.mytcas.com/
A7: นักวิเคราะห์ข้อมูล | B7: IC | C7: แปลข้อมูลเป็นข้อค้นพบ | D7: สถิติ / Data Science | E7: https://course.mytcas.com/
A8: นักออกแบบ UX/UI | B8: AI | C8: ออกแบบประสบการณ์ดิจิทัล | D8: ออกแบบนิเทศศิลป์ / IT | E8: https://course.mytcas.com/
A9: ครู | B9: SA | C9: ออกแบบการเรียนรู้ | D9: ครุศาสตร์ / ศึกษาศาสตร์ | E9: https://course.mytcas.com/
A10: นักจิตวิทยา | B10: SI | C10: ส่งเสริมสุขภาวะทางใจ | D10: จิตวิทยา | E10: https://course.mytcas.com/
A11: พยาบาลวิชาชีพ | B11: SI | C11: ดูแลสุขภาพด้วยความรู้และหัวใจ | D11: พยาบาลศาสตร์ | E11: https://course.mytcas.com/
A12: ผู้ประกอบการ | B12: ER | C12: เปลี่ยนปัญหาเป็นโอกาส | D12: บริหารธุรกิจ / ผู้ประกอบการ | E12: https://course.mytcas.com/
A13: นักการตลาดดิจิทัล | B13: EA | C13: เข้าใจลูกค้าและแบรนด์ | D13: การตลาด / นิเทศศาสตร์ | E13: https://course.mytcas.com/
A14: นักบัญชี | B14: CE | C14: จัดการข้อมูลการเงิน | D14: บัญชี | E14: https://course.mytcas.com/
A15: นักโลจิสติกส์ | B15: CR | C15: จัดระบบการเคลื่อนย้ายสินค้า | D15: โลจิสติกส์ / วิศวกรรมอุตสาหการ | E15: https://course.mytcas.com/
A16: เกษตรกรอัจฉริยะ | B16: RI | C16: ใช้ข้อมูลยกระดับการเกษตร | D16: เกษตรศาสตร์ / เกษตรดิจิทัล | E16: https://course.mytcas.com/

Sheet มหาวิทยาลัย 5 ตัวเลือก
A1: มหาวิทยาลัย 5 ตัวเลือกต่อสาขา
A2: รายการแนะนำเพื่อเริ่มค้นหา ไม่ใช่อันดับทางการ; ตรวจสอบหลักสูตรและรอบ TCAS ปัจจุบันจาก MyTCAS ก่อนตัดสินใจ
A4: สาขา/หลักสูตร | B4: ลำดับแนะนำ | C4: มหาวิทยาลัย | D4: คำแนะนำก่อนสมัคร | E4: ลิงก์ค้นหาหลักสูตร
A5: วิศวกรรมเมคคาทรอนิกส์ / หุ่นยนต์ | B5: 1 | C5: จุฬาลงกรณ์มหาวิทยาลัย | D5: ตรวจสอบชื่อคณะ/หลักสูตรและรอบรับสมัครล่าสุดใน MyTCAS | E5: https://course.mytcas.com/
A6: วิศวกรรมเมคคาทรอนิกส์ / หุ่นยนต์ | B6: 2 | C6: มหาวิทยาลัยเทคโนโลยีพระจอมเกล้าธนบุรี | D6: ตรวจสอบชื่อคณะ/หลักสูตรและรอบรับสมัครล่าสุดใน MyTCAS | E6: https://course.mytcas.com/
A7: วิศวกรรมเมคคาทรอนิกส์ / หุ่นยนต์ | B7: 3 | C7: สถาบันเทคโนโลยีพระจอมเกล้าเจ้าคุณทหารลาดกระบัง | D7: ตรวจสอบชื่อคณะ/หลักสูตรและรอบรับสมัครล่าสุดใน MyTCAS | E7: https://course.mytcas.com/
A8: วิศวกรรมเมคคาทรอนิกส์ / หุ่นยนต์ | B8: 4 | C8: มหาวิทยาลัยเกษตรศาสตร์ | D8: ตรวจสอบชื่อคณะ/หลักสูตรและรอบรับสมัครล่าสุดใน MyTCAS | E8: https://course.mytcas.com/
A9: วิศวกรรมเมคคาทรอนิกส์ / หุ่นยนต์ | B9: 5 | C9: มหาวิทยาลัยเทคโนโลยีสุรนารี | D9: ตรวจสอบชื่อคณะ/หลักสูตรและรอบรับสมัครล่าสุดใน MyTCAS | E9: https://course.mytcas.com/
A10: วิทยาการคอมพิวเตอร์ / IT | B10: 1 | C10: จุฬาลงกรณ์มหาวิทยาลัย | D10: ตรวจสอบชื่อคณะ/หลักสูตรและรอบรับสมัครล่าสุดใน MyTCAS | E10: https://course.mytcas.com/
A11: วิทยาการคอมพิวเตอร์ / IT | B11: 2 | C11: มหาวิทยาลัยเทคโนโลยีพระจอมเกล้าธนบุรี | D11: ตรวจสอบชื่อคณะ/หลักสูตรและรอบรับสมัครล่าสุดใน MyTCAS | E11: https://course.mytcas.com/
A12: วิทยาการคอมพิวเตอร์ / IT | B12: 3 | C12: สถาบันเทคโนโลยีพระจอมเกล้าเจ้าคุณทหารลาดกระบัง | D12: ตรวจสอบชื่อคณะ/หลักสูตรและรอบรับสมัครล่าสุดใน MyTCAS | E12: https://course.mytcas.com/
A13: วิทยาการคอมพิวเตอร์ / IT | B13: 4 | C13: มหาวิทยาลัยเกษตรศาสตร์ | D13: ตรวจสอบชื่อคณะ/หลักสูตรและรอบรับสมัครล่าสุดใน MyTCAS | E13: https://course.mytcas.com/
A14: วิทยาการคอมพิวเตอร์ / IT | B14: 5 | C14: มหาวิทยาลัยมหิดล | D14: ตรวจสอบชื่อคณะ/หลักสูตรและรอบรับสมัครล่าสุดใน MyTCAS | E14: https://course.mytcas.com/
A15: สถิติ / Data Science | B15: 1 | C15: จุฬาลงกรณ์มหาวิทยาลัย | D15: ตรวจสอบชื่อคณะ/หลักสูตรและรอบรับสมัครล่าสุดใน MyTCAS | E15: https://course.mytcas.com/
A16: สถิติ / Data Science | B16: 2 | C16: มหาวิทยาลัยธรรมศาสตร์ | D16: ตรวจสอบชื่อคณะ/หลักสูตรและรอบรับสมัครล่าสุดใน MyTCAS | E16: https://course.mytcas.com/
... A64: เกษตรศาสตร์ / เกษตรดิจิทัล | B64: 5 | C64: มหาวิทยาลัยสงขลานครินทร์ | D64: ตรวจสอบชื่อคณะ/หลักสูตรและรอบรับสมัครล่าสุดใน MyTCAS | E64: https://course.mytcas.com/

Sheet ลิงก์ไทย
A1: ลิงก์ไทย
A2: ใช้ในหน้าทรัพยากรและการศึกษาต่อของ Glide
A4: แหล่งข้อมูล | B4: การใช้งาน | C4: URL
A5: MyTCAS · ค้นหาหลักสูตร | B5: ค้นหาคณะ มหาวิทยาลัย และหลักสูตร | C5: https://course.mytcas.com/
A6: MyTCAS · ระบบ TCAS | B6: ข้อมูลการรับสมัครระดับอุดมศึกษา | C6: https://www.mytcas.com/
A7: กระทรวงแรงงาน | B7: ข่าวและข้อมูลด้านแรงงานไทย | C7: https://www.mol.go.th/
A8: กรมการจัดหางาน | B8: บริการหางานและข้อมูลตลาดแรงงาน | C8: https://www.doe.go.th/
A9: JobThai | B9: ค้นหางานและฝึกงานในไทย | C9: https://www.jobthai.com/
A10: JobsDB Thailand | B10: งานและคำแนะนำอาชีพ | C10: https://th.jobsdb.com/
A11: JOBBKK | B11: ค้นหางานและสร้างเรซูเม่ | C11: https://www.jobbkk.com/
A12: JobTH | B12: ตำแหน่งงานทั่วประเทศไทย | C12: https://www.jobth.com/

Sheet สรุปผลห้อง
A1: สรุปผลห้อง
A2: หน้า Dashboard สำหรับครูแนะแนว: สูตรจะนับจากตารางคำตอบนักเรียนอัตโนมัติ
A4: นักเรียนที่ส่งคำตอบ | B4: =COUNTIF(คำตอบนักเรียน!C5:C205,"<>") -> 1 | D4: คะแนน E เฉลี่ย | E4: =AVERAGEIF(คำตอบนักเรียน!AV5:AV205,">=0") -> 5
A5: คะแนน R เฉลี่ย | B5: =AVERAGEIF(คำตอบนักเรียน!AR5:AR205,">=0") -> 5 | D5: คะแนน C เฉลี่ย | E5: =AVERAGEIF(คำตอบนักเรียน!AW5:AW205,">=0") -> 6
A6: คะแนน I เฉลี่ย | B6: =AVERAGEIF(คำตอบนักเรียน!AS5:AS205,">=0") -> 5 | D6: หมายเหตุ | E6: เพิ่มแถวในคำตอบนักเรียนได้ถึงแถว 205
A7: คะแนน A เฉลี่ย | B7: =AVERAGEIF(คำตอบนักเรียน!AT5:AT205,">=0") -> 6 | D7: ข้อควรใช้ | E7: ใช้เพื่อแนะแนว ไม่ใช่ตัดสินอนาคต
A8: คะแนน S เฉลี่ย | B8: =AVERAGEIF(คำตอบนักเรียน!AU5:AU205,">=0") -> 6 | D8: แหล่งหลักสูตร | E8: https://course.mytcas.com/
